Title,Views,Likes,Comments,Channel Title,Description,Tags,Published,Link
"I Opened 50 Apex Packs at Once #shorts",5148446,218698,452,"HisWattson2","opening apex packs #apexlegends #apex","apex legends, apex heirloom, apex packs, apex highlights, apex funny, hiswattson",2024-11-08 05:24,"https://youtube.com/shorts/Id-QJD3WfR4"
"I Got Banned in Apex Legends... ğŸ˜­",7741426,266408,2520,"schrodingerLee","COME JOIN NOW LIVEğŸ˜: twitch.tv/schrodingerlee  follow my socials discord for the bois: https://discord.com/invite/schrodingerlee https://www.instagram.com/schrodingerlee https://www.tiktok.com/@schrodingerlee https://twitter.com/schrodingerlee","schrodingerlee japan, schrodingerlee and rena, schrodingerlee and enoki, schrodingerlee vods, schrodingerlee rena, schrodingerlee enoki, schrodingerlee valorant, schrodingerlee face reveal, schrodingerlee mira, schrodingerlee nako, schrodingerlee, schrodingerlee hokkai, schrodingerlee vrchat, schrodinger lee, schrodingerlee cottontail, schrodingerlee twitch, irl schrodingerlee, mira schrodingerlee, hokkai schrodingerlee, valorant schrodingerlee, apex legends, faide, aceu",2025-04-17 20:36,"https://youtube.com/shorts/tqL3-7ixz8U"
"ãƒãƒ—ãƒ†ãƒ”ãƒ”ãƒƒã‚¯ã§å­¦ã¶Apexã‚ã‚‹ã‚ã‚‹ã€Apex Legendsã€‘ #Shorts",2939557,114955,634,"ãƒ™ã‚¸ã‚¿ã‚¤ãƒ ã«ã‚“ã˜ã‚“","é…ä¿¡ãªã©ã¯Twitterã§ãŠçŸ¥ã‚‰ã›ã—ã¦ã¾ã™ã€‚ ã«ã‚“ã˜ã‚“Twitterâ†“ https://twitter.com/VegetimeNINJIN  ãƒãƒ£ãƒ³ãƒãƒ«ç™»éŒ²ã‚„é«˜è©•ä¾¡ã‚’ã—ã¦é ‚ã‘ã‚‹ã¨ãƒ‹ãƒƒã‚³ãƒªã—ã¾ã™ã€‚ ã‚ˆã‚ã—ããŠé¡˜ã„ã„ãŸã—ã¾ã™ã€‚ https://www.youtube.com/channel/UCrkMfrxOb8FGJvLmQGKxhFw  ã€ãŠå•ã„åˆã‚ã›ï¼†ä»•äº‹é€£çµ¡ã¯ã“ã¡ã‚‰ã¸ã€‘ â†’buber_info@blueoceanmedia.jp   #Shorts","Apex, ã‚¨ãƒ¼ãƒšãƒƒã‚¯ã‚¹ãƒ¬ã‚¸ã‚§ãƒ³ã‚º, Switch, PS4, åˆå¿ƒè€…, è§£èª¬, PC, PS5, èª¿æ•´, ãƒ†ã‚£ãƒƒã‚¯ãƒˆãƒƒã‚¯, TikTok, ãƒã‚¿, ãˆãº, ãƒãƒ¼ã‚¿ãƒ¼, ãƒãƒ¼ãƒˆ, ã‚¨ã‚¤ãƒ ã‚¢ã‚·ã‚¹ãƒˆ, å¼±ä½“åŒ–, ã‚·ãƒ¼ã‚ºãƒ³22, æ–°ãƒãƒƒãƒ—, è£ãƒ¯ã‚¶, ã‚°ãƒªãƒƒãƒ",2024-08-31 12:15,"https://youtube.com/shorts/arxAvMKvRHs"
"ãƒ­ãƒ³ã‚°ãƒœã‚¦ã ã‘ã§10ç§’ä»¥å†…ã«5ã‚­ãƒ«ã™ã‚‹ç”·ãŒç¾ã‚‹ã€APEX LEGENDSã€‘",2950653,69441,1031,"NIRU","ç”Ÿæ”¾é€ http://twitch.tv/nniru  ã‚³ãƒ©ãƒœPC  https://www.pc-koubou.jp/pc/game_niru.php  NIRUã®æœ¬ã€€https://t.co/JuZYKHHjTZ  20ã‚­ãƒ«&4000ãƒ€ãƒ¡ãƒ¼ã‚¸  https://youtube.com/playlist?list=PLnz4nYMGRMWwOoRpZvtOBikEOEQu9C2Hg  twitter https://twitter.com/nirunno  ã‚¤ãƒ³ã‚¹ã‚¿ã‚°ãƒ©ãƒ  https://instagram.com/niru.1218  ã‚³ãƒ³ãƒˆãƒ­ãƒ¼ãƒ©ãƒ¼æ‰‹å…ƒå‹•ç”» https://youtu.be/9ia4bwN-HFU  NIRUã‚°ãƒƒã‚ºã€€https://nirus.booth.pm/  #NIRU  #APEXLEGENDS","",2024-07-21 10:00,"https://youtube.com/shorts/LIDCQA-k1gQ"
"ã€apexã€‘ç¢ºå®Ÿã«å«Œã‚ã‚Œã‚‹ã‚¯ãƒªãƒ—ãƒˆ #apexlegends #shorts",2611266,66541,559,"ãŠãã¿ã¡ã‚ƒã‚“","#apex #apexlegendsclips #apexclips #apexlegend #apexfunnymoment #apexfunnymoments #apexfunny #ã‚¯ãƒªãƒ—ãƒˆ #é€æ˜ #ã‚·ãƒ¼ã‚ºãƒ³22  #æ–°ã‚·ãƒ¼ã‚ºãƒ³","",2024-09-28 21:18,"https://youtube.com/shorts/mhPnUrNAG7s"
"ã€apexã€‘æ•µã‚’èãˆã•ã›ã‚‹è£…ç½® #apexlegends #shorts",2462866,47772,343,"ãŠãã¿ã¡ã‚ƒã‚“","#apex #apexlegendsclips #apexclips #apexfunny #apexfunnymoment #apexfunnymoments #apexã‚­ãƒ«é›† #ãƒ‹ãƒ¥ãƒ¼ã‚­ãƒ£ãƒƒã‚¹ãƒ« #ã‚ªãƒ«ã‚¿ãƒ¼ #ã‚·ãƒ¼ã‚ºãƒ³22 #æ–°ã‚·ãƒ¼ã‚ºãƒ³","",2024-09-29 20:06,"https://youtube.com/shorts/esgRFDtDYoM"
"ä¸–ç•Œå¤§ä¼šMVPã¨1v1ã—ãŸã‚‰è¡æ’ƒã®çµæœã«â€¦ã€APEX LEGENDSã€‘",2187995,76809,552,"NIRU","ç”Ÿæ”¾é€ http://twitch.tv/nniru  ã‚³ãƒ©ãƒœPC  https://www.pc-koubou.jp/pc/game_niru.php  NIRUã®æœ¬ã€€https://t.co/JuZYKHHjTZ  20ã‚­ãƒ«&4000ãƒ€ãƒ¡ãƒ¼ã‚¸  https://youtube.com/playlist?list=PLnz4nYMGRMWwOoRpZvtOBikEOEQu9C2Hg  twitter https://twitter.com/nirunno  ã‚¤ãƒ³ã‚¹ã‚¿ã‚°ãƒ©ãƒ  https://instagram.com/niru.1218  ã‚³ãƒ³ãƒˆãƒ­ãƒ¼ãƒ©ãƒ¼æ‰‹å…ƒå‹•ç”» https://youtu.be/9ia4bwN-HFU  NIRUã‚°ãƒƒã‚ºã€€https://nirus.booth.pm/  #NIRU  #APEXLEGENDS","",2024-07-13 10:00,"https://youtube.com/shorts/sO3JgWGMKtE"
"ä»Šã®Apexãƒ©ãƒ³ã‚¯ã®ç¾å®Ÿã€Apex Legendsã€‘Apexã‚ã‚‹ã‚ã‚‹ #Shorts",2208150,56342,371,"ãƒ™ã‚¸ã‚¿ã‚¤ãƒ ã«ã‚“ã˜ã‚“","æœ¬å®¶ï¼ˆçµµæäºº ekakibitoã€€æ§˜ï¼‰ https://www.youtube.com/shorts/0UeNkT_DvOA?feature=share  é…ä¿¡ãªã©ã¯Twitterã§ãŠçŸ¥ã‚‰ã›ã—ã¦ã¾ã™ã€‚ ã«ã‚“ã˜ã‚“Twitterâ†“ https://twitter.com/VegetimeNINJIN  ãƒãƒ£ãƒ³ãƒãƒ«ç™»éŒ²ã‚„é«˜è©•ä¾¡ã‚’ã—ã¦é ‚ã‘ã‚‹ã¨ãƒ‹ãƒƒã‚³ãƒªã—ã¾ã™ã€‚ ã‚ˆã‚ã—ããŠé¡˜ã„ã„ãŸã—ã¾ã™ã€‚ https://www.youtube.com/channel/UCrkMfrxOb8FGJvLmQGKxhFw  ã€ãŠå•ã„åˆã‚ã›ï¼†ä»•äº‹é€£çµ¡ã¯ã“ã¡ã‚‰ã¸ã€‘ â†’buber_info@blueoceanmedia.jp   #Shorts","Apex, ã‚¨ãƒ¼ãƒšãƒƒã‚¯ã‚¹ãƒ¬ã‚¸ã‚§ãƒ³ã‚º, Switch, PS4, åˆå¿ƒè€…, è§£èª¬, PC, PS5, èª¿æ•´, ãƒ†ã‚£ãƒƒã‚¯ãƒˆãƒƒã‚¯, TikTok, ãƒã‚¿, ãˆãº, ãƒãƒ¼ã‚¿ãƒ¼, ãƒãƒ¼ãƒˆ, å¼±ä½“åŒ–, è£ãƒ¯ã‚¶, ã‚°ãƒªãƒƒãƒ, åƒã¨åƒå°‹",2024-11-23 12:03,"https://youtube.com/shorts/oDhe9B-zYlc"
"The Best Play of Season 23 #apexlegends #apex",1767889,60698,459,"Johnny Price","LIVE STREAM DAYS/TIMES Sunday / Tuesday / Wednesday / Friday / Saturday  Make sure to hit the bell to turn on notifications! :D  Socials(Twitter, Discord, Etc)   - beacons.ai/johnnypricetv   #Apexlegends #apex #JohnnyPrice","Apex Legends, Apex Funny, Apex Legends Gameplay, Johnny Price, JohnnypriceTV, Somebody to love, Apex, Apex legends challenges, Apex Legends Heirloom, Apex Legends ranked, Johnny Price Apex, Apex Johnny, Horizon Apex, Horizon Somebody to love, Apex Daily Moments, Apex Daily, Apex Montage, playapex, Johnny Horizon",2024-12-15 01:00,"https://youtube.com/shorts/egxwyLX5qQw"
"ã€APEXã€‘ç¢ºç‡0.01ï¼…ï¼Ÿï¼ãƒãƒ¡ã‚·ã‚¹ã®è¶…çµ¶ãƒ¬ã‚¢ãƒªãƒ­ãƒ¼ãƒ‰ã‚’å¼•ã„ãŸãƒ—ãƒ¬ã‚¤ãƒ¤ãƒ¼ã®åå¿œãŒã“ã¡ã‚‰ï¼#apex #apexlegends #fyp #ãŠã™ã™ã‚ #tiktok #ã‚²ãƒ¼ãƒ  #shorts",1808495,37600,404,"ã½ã“ã« / Poconi","#apex #apexlegends #game #gaming #gamer #fyp #funny #ãŠã™ã™ã‚ #ã‚²ãƒ¼ãƒ å®Ÿæ³ #shorts","",2024-08-08 17:50,"https://youtube.com/shorts/AtHWn3hWNCI"
"S22ã®å…ˆè¡Œãƒ—ãƒ¬ã‚¤ã§æµ·å¤–ã®è¶…æœ‰åã‚­ãƒ£ãƒ©ã‚³ãƒ³å¨ã¨é­é‡ã™ã‚‹NIRUã€APEX LEGENDSã€‘",1571210,34987,596,"NIRU","ç”Ÿæ”¾é€ http://twitch.tv/nniru  ã‚³ãƒ©ãƒœPC  https://www.pc-koubou.jp/pc/game_niru.php  NIRUã®æœ¬ã€€https://t.co/JuZYKHHjTZ  20ã‚­ãƒ«&4000ãƒ€ãƒ¡ãƒ¼ã‚¸  https://youtube.com/playlist?list=PLnz4nYMGRMWwOoRpZvtOBikEOEQu9C2Hg  twitter https://twitter.com/nirunno  ã‚¤ãƒ³ã‚¹ã‚¿ã‚°ãƒ©ãƒ  https://instagram.com/niru.1218  ã‚³ãƒ³ãƒˆãƒ­ãƒ¼ãƒ©ãƒ¼æ‰‹å…ƒå‹•ç”» https://youtu.be/9ia4bwN-HFU  NIRUã‚°ãƒƒã‚ºã€€https://nirus.booth.pm/  #NIRU  #APEXLEGENDS","",2024-08-17 11:30,"https://youtube.com/shorts/-ohUVM4kfGA"
"How hard is #1 Apex Predator to hold? #shorts",2093504,67577,655,"HisWattson","","",2025-03-23 12:52,"https://youtube.com/shorts/6wFWoMy_HXM"
"ã•ã™ãŒã«çš†ã«å‡ºæ¥ã¦æ¬²ã—ã„ã‚­ãƒ£ãƒ©ã‚³ãƒ³ï¼“é¸ã€APEX LEGENDSã€‘#shorts",1588883,46863,324,"ã°ã¤ã­ã˜ã€Apexã‚µãƒ–ã‚«ãƒ«ç³»å®Ÿæ³ã€‘","ã•ã™ãŒã«çš†ã«å‡ºæ¥ã¦æ¬²ã—ã„ã‚­ãƒ£ãƒ©ã‚³ãƒ³ï¼“é¸ Let`s begin. ã‚¹ãƒ‘ãƒ¬ã‚¸ã‚§ã‚’å½“ã¦ã‚‹ãƒ¡ãƒªãƒƒãƒˆâ†“ https://youtu.be/5RX8UGTeOnw  ãœã²ãƒãƒ£ãƒ³ãƒãƒ«ç™»éŒ²ãŠé¡˜ã„ã—ã¾ã™ï¼ https://www.youtube.com/channel/UC2JAjosPLS4WMetfl6304hg #Shorts #apexãƒãƒƒã‚¸ #apexã‚¹ã‚­ãƒ³ ã“ã®å‹•ç”»ã‚’è¦‹ã¦ã„ãŸã ãã‚ã‚ŠãŒã¨ã†ã”ã–ã„ã¾ã™ã€‚  Twitter https://twitter.com/x_nezy_YouTube  BGMã‚’ãŠå€Ÿã‚Šã•ã›ã¦ã‚‚ã‚‰ã£ã¦ã„ã‚‹ãƒãƒ£ãƒ³ãƒãƒ«æ§˜ https://www.youtube.com/user/NoCopyrightSounds  BGMã‚’ãŠå€Ÿã‚Šã•ã›ã¦ã‚‚ã‚‰ã£ã¦ã„ã‚‹ã‚µã‚¤ãƒˆç­‰ https://otologic.jp/free/se/accent05.html https://dova-s.jp/  å‹•ç”»ç´ æã‚’ãŠå€Ÿã‚Šã•ã›ã¦ã‚‚ã‚‰ã£ã¦ã„ã‚‹ã‚µã‚¤ãƒˆç­‰ https://ytsozaiyasan.com/video https://www.pinterest.jp/ Puple Planet https://www.purple-planet.com/  ã“ã®å‹•ç”»ã®bgm https://inaudio.org/track/sax-beat-funk/  ã‚¹ã‚­ãƒ³ã«ã‚‚ã“ã ã‚ã‚Šæ–¹ã«å‘ã‘ãŸæœ€é«˜ã®æƒ…å ±   æœ€å¾Œã¾ã§è¦‹ã¦ã„ãŸã ãã‚ã‚ŠãŒã¨ã†ã”ã–ã„ã¾ã—ãŸã€‚  ä»Šæ—¥ã®ã²ã¨ã“ã¨ç‰©èª apex ã‚·ãƒ¼ã‚ºãƒ³","ã°ã¤ã­ã˜, ç„¡æ–™, Shorts, #Shorts, apex ã‚¹ã‚­ãƒ³, ã‚¨ãƒ¼ãƒšãƒƒã‚¯ã‚¹, apex çŒ›è€…ãƒãƒƒã‚¸, apex ãƒãƒƒã‚¸, apex ãƒ—ãƒ¬ãƒ‡ã‚¿ãƒ¼, apex ç‚ä¸Š, ape shorts, apex ç‚ä¸Šã¾ã¨ã‚, apex ãƒãƒ¼ãƒˆ, apex å¤å‚å‹¢, apex ã‚¹ãƒ‘ãƒ¬ã‚¸ã‚§, apex ã‚·ãƒ¼ã‚ºãƒ³21, ã‚¹ãƒ‘ãƒ¬ã‚¸ã‚§, å¤±æ•—ã‹ã‚‰ç”Ÿã¾ã‚ŒãŸ",2024-08-01 19:00,"https://youtube.com/shorts/LaJigLKwsBg"
"The Craziest Cheats In Apex Legends History",1555987,66358,961,"RossTheeSquirrel","The Craziest Cheats In Apex Legends History ğŸ˜… Apex Legends News. Apex Leaks.  Apex Legends Season 23 | Apex Legends Private Custom Lobby | Apex Ranked | Apex Funny Moments | Apex Shorts | How to Hit Masters |  Apex Legends Gameplay | Apex Legends News | Apex Bug | Apex Lore | Apex Legends: Shockwave | Apex Legends Ranked Tips | New District Map  #shorts #apex #apexlegends #apexclips   Footage of the streamer clipped by BirnoOCE.","apex, apex legends, apex leaks, apex ranked, apex funny moments, apex legends leaks, apex easter egg, rare heirloom animation, apex legends nostalgia, apex news, heirloom shards, universal heirloom, apex artifact, exotic shards, heirloom apex, apex is broken, apex tips, apex ltm, bangalore heirloom recolor, dual wield, apex karambit, pathfinder prestige skin, techno terror, apex halloween, season 23 battle pass, season 23, apex season 23 news, from the rift",2024-10-29 04:26,"https://youtube.com/shorts/b8AZaixJ6Bc"
"5 Custom Heirlooms in Apex Legends!",1309559,54822,642,"RossTheeSquirrel","5 of the COOLEST Heirlooms in Apex Legends! Apex Legends News. Apex Leaks.  Heirloom and Artifacts are what every player of Apex Legends wants to have for their Legend. Whether it's Revenant's Scythe, Fuse's Guitar, Horizon's Gravity Maw, Octane's Butterfly Knife, or the Katar Artifact, Apex Legends has a bunch of Heirlooms to choose from.  With R5 Reloaded, a modded version of Apex Legends, players can create their own Heirlooms and models, such as a Ballistic Knife, Wolverine Claws, Warhammer, and so much more!  These are 5 of the coolest heirlooms that should come to Apex Legends!  Apex Legends Season 21 | Apex Legends Private Custom Lobby | Apex Ranked | Apex Funny Moments | Apex Shorts | How to Hit Masters |  Apex Legends Gameplay | Apex Legends News | Apex Bug | Apex Lore | Apex Legends: Upheaval | Apex Legends Ranked Tips | Katar Universal Heirloom  #shorts #apex #apexlegends #apexclips","apex, apex legends, apex leaks, apex ranked, apex funny moments, apex legends leaks, apex easter egg, rare heirloom animation, apex legends nostalgia, apex news, heirloom shards, universal heirloom, apex artifact, exotic shards, season 21, heirloom apex, apex is broken, alter, apex tips, season 21 ranked, season 21 news, apex season 21, apex ltm, legend mastery system, lifeline prestige skin, double take event, bangalore heirloom recolor, season 22 battle pass",2024-07-22 02:11,"https://youtube.com/shorts/yOnTA7wRi7w"
"ãƒ—ãƒ¬ãƒ‡ã‚¿ãƒ¼è‡ªæ…¢ã‚’ã™ã‚‹é…ä¿¡è€…wwwã€APEX LEGENDSã€‘#shorts #ã‚Šãƒ¼",1708101,34331,283,"ã‚Šãƒ¼ãˆãµã´ãƒ¼ãˆã™ã€‚","#apexlegends #apex #ã‚¨ãƒ¼ãƒšãƒƒã‚¯ã‚¹ãƒ¬ã‚¸ã‚§ãƒ³ã‚º #ã‚¨ãƒ¼ãƒšãƒƒã‚¯ã‚¹","ã‚¨ãƒ¼ãƒšãƒƒã‚¯ã‚¹ãƒ¬ã‚¸ã‚§ãƒ³ã‚º, apex, apexlegends, ã‚¨ãƒ¼ãƒšãƒƒã‚¯ã‚¹, ãƒ—ãƒ¬ãƒ‡ã‚¿ãƒ¼, ã‚­ãƒ¼ãƒã‚¦, ã‚Šãƒ¼, Riy, ã‚Šãƒ¼ãˆãµã´ãƒ¼ãˆã™ã€‚, ã‚²ãƒ¼ãƒ å®Ÿæ³, é…ä¿¡è€…",2025-03-01 23:48,"https://youtube.com/shorts/0NCIkJEWTQg"
"Diabolical Crypto Trap #apexlegends #apex",1253316,47395,406,"Johnny Price","LIVE STREAM DAYS/TIMES Sunday / Tuesday / Wednesday / Friday / Saturday  Make sure to hit the bell to turn on notifications! :D  Socials(Twitter, Discord, Etc)   - beacons.ai/johnnypricetv   #Apexlegends #apex #JohnnyPrice","Apex Legends, Apex Funny, Apex Legends Gameplay, Johnny Price, JohnnypriceTV, Somebody to love, Apex, Apex legends challenges, Apex Legends Heirloom, Apex Legends ranked, Johnny Price Apex, Apex Johnny, Horizon Apex, Horizon Somebody to love, Apex Daily Moments, Apex Daily, Apex Montage, playapex, Johnny Horizon",2025-01-21 01:01,"https://youtube.com/shorts/vB0YhDQ1vIg"
"çªç„¶å¥³ã‚’è¦‹ã›ã¦ããŸã²ãªã®ã«å›°æƒ‘ã—ã¤ã¤ã‚‚è½ã¨ãã†ã¨ã™ã‚‹ãƒ˜ãƒ³ãƒ‡ã‚£ãƒ¼ã€ãƒ˜ãƒ³ãƒ‡ã‚£ãƒ¼/ãƒˆãƒŠã‚«ã‚¤ãƒˆ/ãƒœãƒ‰ã‚«/æ©˜ã²ãªã®/APEX LEGENDSã€‘",1142873,51800,104,"ãƒˆãƒŠã‚«ã‚¤ãƒˆ(ãƒ˜ãƒ³ãƒ‡ã‚£ãƒ¼)Gameã§ã™","å…ƒé…ä¿¡ ã‚¿ã‚¤ãƒˆãƒ«ï¼šã€APEXã€‘ã‚®ãƒã‚®ãƒãƒ•ãƒ«ãƒ‘ã‚¨ãƒš /VDK,æ©˜ã²ãªã®ã€€â€»Twitch https://www.twitch.tv/videos/2308074182  â—ãƒœãƒ‰ã‚«ã€€ã•ã‚“ https://x.com/VodkaChaso â—æ©˜ã²ãªã®ã€€ã•ã‚“ https://x.com/hinano_tachiba7  ä½¿ç”¨ã—ã¦ã„ã‚‹PCã¯ã“ã¡ã‚‰ã‹ã‚‰ãƒã‚§ãƒƒã‚¯ã—ã¦ãã ã•ã„! https://onl.tw/sEKsKsb  å¹¼å°‘ã®é ƒã‹ã‚‰ã‚²ãƒ¼ãƒ ã«ãƒãƒã‚Šã€ã‚²ãƒ¼ãƒ ã¨å…±ã«éã”ã—ã¦ãã¾ã—ãŸã€‚ ã ã‹ã‚‰ã¨è¨€ã£ã¦ã‚ã£ã¡ã‚ƒä¸Šæ‰‹ã„ã¨ã„ã†ã‚ã‘ã§ã‚‚ãªã„åƒ•ã§ã™ã€‚ å°‘ã—ã§ã‚‚æ°—ã«ãªã£ãŸã‚‰ãƒãƒ£ãƒ³ãƒãƒ«ç™»éŒ²ã‚ˆã‚ã—ããŠé¡˜ã„ã—ã¾ãããã™ï¼ï¼ ã‚ã€è©•ä¾¡ã¨ã‚³ãƒ¡ãƒ³ãƒˆã‚‚ã‚ˆã‚ã—ããŠé¡˜ã„ã—ã¾ã™ã€‚","ãƒˆãƒŠã‚«ã‚¤ãƒˆ, ãƒˆãƒŠã‚«ã‚¤ã¨, ãƒˆãƒŠ, ã¨ãª, ã‚²ãƒ¼ãƒ , å®Ÿæ³, ã‚«ã‚¤ãƒˆ, ã‹ã„ã¨, kaito, KAITO, å¤§ä¹±é—˜, ãƒ•ãƒªãƒ¼ã‚²ãƒ¼ãƒ , çˆ†ç¬‘, ã‚·ãƒ¥ãƒ¼ãƒ«, ã‚¢ã‚¯ã‚·ãƒ§ãƒ³ã‚²ãƒ¼ãƒ , ãƒ‘ã‚½ã‚³ãƒ³ã‚²ãƒ¼ãƒ , PCã‚²ãƒ¼ãƒ , ã‚²ãƒ¼ãƒ æ©Ÿå™¨, WiiU, PS, DS, PSP, ã‚¢ãƒ—ãƒª",2024-12-01 19:00,"https://youtube.com/shorts/v3d7H7lhEDY"
"Apex CONTROLLER Players NEED To Use This NOW",1277954,67011,552,"District","âš ï¸ INTERESTED IN APEX COACHING? Check out private and group classes below!  âœ… PERSONAL COACHING â¡ï¸ https://thedistrict.pro/en-cad/pages/get-apex-coaching âœ… WEEKLY CLASSES â¡ï¸https://thedistrict.pro/en-cad/pages/weekly-classes   â–¬â–¬â–¬â–¬â–¬â–¬â–¬â–¬â–¬â–¬â–¬â–¬â–¬ âœ…AIM CONTROLLERS | Code: DISTRICT ğŸ’¥ Save 10% on Custom Controllers https://us.aimcontrollers.com/ref/450/  âœ… APEX GAMING PC's | Code: COACH  ğŸ’¥ Build your own custom PCs https://apexpartner.app/redirect/District  âœ… GFUEL ENERGY | Code: DISTRICT ğŸ’¥ Stay focused with 30% off  https://sldr.page.link/QZsb  âœ… KONTROL FREAKS | Code: DISTRICT ğŸ’¥ Get extra accuracy and grip on controller https://glnk.io/3vlxq/District  âœ… GAMER ADVANTAGE | Code: FINALBOSS ğŸ’¥ Protect your eyes from long gaming sessions https://gameradvantage.com/?ref=FINALBOSS  â–¬â–¬â–¬â–¬â–¬â–¬â–¬â–¬â–¬â–¬â–¬â–¬â–¬ SOCIALS âš ï¸ DISCORD SERVER - https://Discord.gg/fsdistrict âš ï¸ DISCORD USER - therealdistrict  âš ï¸ TWITTER - http://www.twitter.com/Dorkstrict âš ï¸ INSTAGRAM - http://www.Instagram.com/Dorkstrict âš ï¸ FACEBOOK - https://www.facebook.com/CoachDistrict âš ï¸ SNAPCHAT - TheDorkstrict â–¬â–¬â–¬â–¬â–¬â–¬â–¬â–¬â–¬â–¬â–¬â–¬â–¬ âœ…Business Inquiries: Mason@theDistrict.pro â–¬â–¬â–¬â–¬â–¬â–¬â–¬â–¬â–¬â–¬â–¬â–¬â–¬ CHAPTERS  â–¬â–¬â–¬â–¬â–¬â–¬â–¬â–¬â–¬â–¬â–¬â–¬ #apexlegends #district #apexcoach  â–¬â–¬â–¬â–¬â–¬â–¬â–¬â–¬â–¬â–¬â–¬â–¬â–¬ Production Music courtesy of http://www.artlist.io","#apex, #apexlegends, #apex ranked, #apex master, #apex predator, #how to, apex coaching, apex help, Apex guides, apex pro, apex coach, apex gameplay",2024-12-11 01:29,"https://youtube.com/shorts/yzPneIsb7Tg"
"æ„å¤–ã¨å¼·ã„ã®ã«äººæ°—ãŒãªã„æ­¦å™¨ï¼“é¸ã€APEX LEGENDSã€‘#shorts",1091064,24475,258,"ã°ã¤ã­ã˜ã€Apexã‚µãƒ–ã‚«ãƒ«ç³»å®Ÿæ³ã€‘","æ„å¤–ã¨å¼·ã„ã®ã«äººæ°—ãŒãªã„æ­¦å™¨ï¼“é¸ Let`s begin. ã‚¹ãƒ‘ãƒ¬ã‚¸ã‚§ã‚’å½“ã¦ã‚‹ãƒ¡ãƒªãƒƒãƒˆâ†“ https://youtu.be/5RX8UGTeOnw  ãœã²ãƒãƒ£ãƒ³ãƒãƒ«ç™»éŒ²ãŠé¡˜ã„ã—ã¾ã™ï¼ https://www.youtube.com/channel/UC2JAjosPLS4WMetfl6304hg #Shorts #apexãƒãƒƒã‚¸ #apexã‚¹ã‚­ãƒ³ ã“ã®å‹•ç”»ã‚’è¦‹ã¦ã„ãŸã ãã‚ã‚ŠãŒã¨ã†ã”ã–ã„ã¾ã™ã€‚  Twitter https://twitter.com/x_nezy_YouTube  BGMã‚’ãŠå€Ÿã‚Šã•ã›ã¦ã‚‚ã‚‰ã£ã¦ã„ã‚‹ãƒãƒ£ãƒ³ãƒãƒ«æ§˜ https://www.youtube.com/user/NoCopyrightSounds  BGMã‚’ãŠå€Ÿã‚Šã•ã›ã¦ã‚‚ã‚‰ã£ã¦ã„ã‚‹ã‚µã‚¤ãƒˆç­‰ https://otologic.jp/free/se/accent05.html https://dova-s.jp/  å‹•ç”»ç´ æã‚’ãŠå€Ÿã‚Šã•ã›ã¦ã‚‚ã‚‰ã£ã¦ã„ã‚‹ã‚µã‚¤ãƒˆç­‰ https://ytsozaiyasan.com/video https://www.pinterest.jp/ Puple Planet https://www.purple-planet.com/  ã“ã®å‹•ç”»ã®bgm https://inaudio.org/track/sax-beat-funk/  ã‚¹ã‚­ãƒ³ã«ã‚‚ã“ã ã‚ã‚Šæ–¹ã«å‘ã‘ãŸæœ€é«˜ã®æƒ…å ±   æœ€å¾Œã¾ã§è¦‹ã¦ã„ãŸã ãã‚ã‚ŠãŒã¨ã†ã”ã–ã„ã¾ã—ãŸã€‚  ä»Šæ—¥ã®ã²ã¨ã“ã¨ç‰©èª apex ã‚·ãƒ¼ã‚ºãƒ³","ã°ã¤ã­ã˜, ç„¡æ–™, Shorts, #Shorts, apex ã‚¹ã‚­ãƒ³, ã‚¨ãƒ¼ãƒšãƒƒã‚¯ã‚¹, apex çŒ›è€…ãƒãƒƒã‚¸, apex ãƒãƒƒã‚¸, apex ãƒ—ãƒ¬ãƒ‡ã‚¿ãƒ¼, apex ç‚ä¸Š, ape shorts, apex ç‚ä¸Šã¾ã¨ã‚, apex ãƒãƒ¼ãƒˆ, apex å¤å‚å‹¢, apex ã‚¹ãƒ‘ãƒ¬ã‚¸ã‚§, apex ã‚·ãƒ¼ã‚ºãƒ³21, ã‚¹ãƒ‘ãƒ¬ã‚¸ã‚§, å¤±æ•—ã‹ã‚‰ç”Ÿã¾ã‚ŒãŸ",2024-06-22 19:00,"https://youtube.com/shorts/xZU6IS8eLFk"
"ãƒ—ãƒ¬ãƒ‡ã‚¿ãƒ¼ã®ã‚°ãƒ©ãƒƒãƒ—ãƒ«é›†ãƒ‘ã‚¹ãƒ•ã‚¡ã‚¤ãƒ³ãƒ€ãƒ¼ä½¿ã„æ–¹ã€APEX LEGENDSã€‘ #apex #shorts #ã‚¨ãƒ¼ãƒšãƒƒã‚¯ã‚¹",1056587,29074,371,"ã˜ãƒ¼ã·ã‚ã€APEXè§£èª¬ã€‘","ã‚³ãƒ¡ãƒ³ãƒˆã€é«˜è©•ä¾¡ã„ã¤ã‚‚ã‚ã‚ŠãŒã¨ã†ï¼ 10ä¸‡äººç™»éŒ²è€…ç›®æ¨™ã§ã™...!  ãƒ¡ãƒ³ãƒãƒ¼ã‚·ãƒƒãƒ—â†“ https://www.youtube.com/channel/UC5DvsaWSa_Hi4-QjOTv0eTw/join  â– ãƒ—ãƒ­ãƒ•ã‚£ãƒ¼ãƒ«â–  å„ç¨®SNSã§ã‚³ãƒ³ãƒ†ãƒ³ãƒ„æŠ•ç¨¿åŠã³é…ä¿¡ã‚’ã—ã¦ã„ã¾ã™ï¼ X  https://twitter.com/gprodaisuki Tiktok https://www.tiktok.com/@gprodaisuki Twitch  https://www.twitch.tv/gprodaisuki  æ‰€å±ãƒãƒ¼ãƒ  LILAS Gaming  å„ç¨®å…±ã«IDã¯@gprodaisuki  æ„Ÿåº¦ 800 1.2 1.0 FOV110  ãƒã‚¦ã‚¹ Lamzu Atlantis Mini Pro  ã‚­ãƒ¼ãƒœãƒ¼ãƒ‰ Apex pro mini  ãƒã‚¦ã‚¹ãƒ‘ãƒƒãƒ‰ ARTISAN é›¶ FX MID  ã‚¤ãƒ¤ãƒ›ãƒ³ se215  #ã˜ãƒ¼ã·ã‚ #Apex #ApexLegends","apex, apexlegends, ã‚¨ãƒ¼ãƒšãƒƒã‚¯ã‚¹, ã˜ãƒ¼ã·ã‚, Gprou, ã‚¨ãƒ¼ãƒšãƒƒã‚¯ã‚¹ãƒ¬ã‚¸ã‚§ãƒ³ãƒ‰, ãƒ‘ã‚¹ãƒ•ã‚¡ã‚¤ãƒ³ãƒ€ãƒ¼",2024-07-28 16:00,"https://youtube.com/shorts/qetZAPtKqMY"
"ã€Apex Legendsã€‘ã€€ä¸Šæ‰‹ã•ã‚ˆã‚Šã‚‚ãã‚‚ã•ã‚’å¤§äº‹ã«ã€€ #shorts",2149260,14041,122,"ãºã‚“ãã‚“ã§ã™","#ã‚¨ãƒ¼ãƒšãƒƒã‚¯ã‚¹ãƒ¬ã‚¸ã‚§ãƒ³ã‚º #ã‚¨ãƒ¼ãƒšãƒƒã‚¯ã‚¹ #ã‚†ã£ãã‚Šå®Ÿæ³   å‹•ç”»ã®ç·¨é›†æ–¹æ³•ãªã©å‚è€ƒã«ã•ã›ã¦ã„ãŸã ã„ãŸæ–¹ @ãŠãã¿ã¡ã‚ƒã‚“  éŒ²ç”»ã‚½ãƒ•ãƒˆâ†’OBS ç·¨é›†ã‚½ãƒ•ãƒˆâ†’YMM4ï¼‹Aviutl  å·®ææä¾›ã‚µã‚¤ãƒˆ â—å…¨æ›²ç„¡æ–™ãƒ»ãƒ•ãƒªãƒ¼éŸ³æ¥½ç´ æ/é­”ç‹é­‚æ§˜â†’http://maoudamashii.jokersounds.com/ â—DOVA-SYNDROMEæ§˜â†’https://dova-s.jp/ â—åŠ¹æœéŸ³ãƒ©ãƒœæ§˜â†’http://soundeffect-lab.info/  ã“ã®å‹•ç”»ã¯æ±æ–¹Projectã®äºŒæ¬¡å‰µä½œã§ã™ã€‚åŸä½œã«ç„¡ã„è¨­å®šãŒå¤šãå«ã¾ã‚Œã¾ã™ã€‚  â– æ±æ–¹Projectï¼šäºŒæ¬¡å‰µä½œã‚¬ã‚¤ãƒ‰ãƒ©ã‚¤ãƒ³ https://touhou-project.news/guideline/  â– ç«‹ã¡çµµç´ æï¼šãã¤ã­ã‚†ã£ãã‚Š http://www.nicotalk.com/charasozai_kt...  â– ç«‹ã¡çµµç´ æï¼šç´ æè¦ç´„ http://www.nicotalk.com/kiyaku.html#g...   â– AquesTalkï¼šã‚†ã£ãã‚Šãƒœã‚¤ã‚¹ https://www.a-quest.com/","",2025-04-24 17:30,"https://youtube.com/shorts/fVlJFv91qQY"
"Faide Juking Everyone With New Wraith Buff #apexlegends",1516697,34542,235,"NH - Apex Legends","Apex Legends  https://www.twitch.tv/  #apex #apexlegends","apex, legends, apex legends, noobhunter, noobhunter apex, noobhunter apex legends, apex legends funny, apex legends funny moments",2025-03-27 05:00,"https://youtube.com/shorts/9isVZU9mfm0"
"AIã«ã‚³ãƒ¼ãƒãƒ³ã‚°ã—ã¦ã‚‚ã‚‰ã£ãŸã‚‰ã€APEXã€‘ #apex #apexlegends #ã‚·ã‚¢ #ã‚²ãƒ¼ãƒ å®Ÿæ³",993764,34327,261,"ã‚¨ãºæ–‡å¥ã€€ã‚¿ã‚±ã‚¾ãƒ¼","#APEX  â–¼Twitchã§é…ä¿¡ã‚‚ã—ã¾ã™ï¼ï¼ https://www.twitch.tv/takezo354  â–¼ãƒ¡ãƒ³ãƒãƒ¼ã‚·ãƒƒãƒ—é–‹è¨­ã‚¥ã‚¥ã‚¥ã‚¥!!ãƒ¡ãƒ³ãƒãƒ¼ç™»éŒ²ã¯â†“ãƒªãƒ³ã‚¯ã‹ã‚‰ï¼ https://www.youtube.com/channel/UCE4fTYIygLvWzn-0IDM6lzw/join ãƒ¡ãƒ³ãƒãƒ¼ç™»éŒ²ã™ã‚‹ã¨ã€ãƒ»å‚åŠ å‹é…ä¿¡ãƒ»é›‘è«‡é…ä¿¡ãƒ»å¤–é…ä¿¡ãƒ»æ–™ç†é…ä¿¡ãƒ»é£¯é…ä¿¡ã€‘ãªã©ã®åœ°å£°ã€å®Ÿå†™é…ä¿¡ãŒè¦‹ã‚Œã¾ã™ãƒƒï¼æ˜¯éç™»éŒ²ã—ã¦ãã ã•ã„ãƒƒï¼  â–¼Twitterã‚‚ãƒ•ã‚©ãƒ­ãƒ¼ã™ã‚‹ã‚ˆã†ã«ï¼ https://twitter.com/takezo354","APEX, apex, è§£èª¬, å£°çœŸä¼¼, ã‚·ã‚¢, æš´è¨€ã‚·ã‚¢, ãƒ©ãƒ³ã‚¯",2024-08-02 18:30,"https://youtube.com/shorts/BXpcGUKM6fE"
"3å¹´å‰ã®ã‚¹ãƒ”ãƒƒãƒˆãƒ•ã‚¡ã‚¤ã‚¢ãŒå¼·ã™ãã‚‹wwã€Apex Legendsã€‘Apexã‚ã‚‹ã‚ã‚‹ #Shorts",1121090,32129,290,"ãƒ™ã‚¸ã‚¿ã‚¤ãƒ ã«ã‚“ã˜ã‚“","é…ä¿¡ãªã©ã¯Twitterã§ãŠçŸ¥ã‚‰ã›ã—ã¦ã¾ã™ã€‚ ã«ã‚“ã˜ã‚“Twitterâ†“ https://twitter.com/VegetimeNINJIN  ãƒãƒ£ãƒ³ãƒãƒ«ç™»éŒ²ã‚„é«˜è©•ä¾¡ã‚’ã—ã¦é ‚ã‘ã‚‹ã¨ãƒ‹ãƒƒã‚³ãƒªã—ã¾ã™ã€‚ ã‚ˆã‚ã—ããŠé¡˜ã„ã„ãŸã—ã¾ã™ã€‚ https://www.youtube.com/channel/UCrkMfrxOb8FGJvLmQGKxhFw  ã€ãŠå•ã„åˆã‚ã›ï¼†ä»•äº‹é€£çµ¡ã¯ã“ã¡ã‚‰ã¸ã€‘ â†’buber_info@blueoceanmedia.jp   #Shorts","Apex, ã‚¨ãƒ¼ãƒšãƒƒã‚¯ã‚¹ãƒ¬ã‚¸ã‚§ãƒ³ã‚º, Switch, PS4, åˆå¿ƒè€…, PC, PS5, èª¿æ•´, ãƒã‚¿, ãˆãº, ãƒãƒ¼ã‚¿ãƒ¼, ãƒãƒ¼ãƒˆ, å¼±ä½“åŒ–, ã‚°ãƒªãƒƒãƒ, ã‚µãƒãƒ¼ãƒˆ, å¼·åŒ–, ã‚¢ãƒƒãƒ—ãƒ‡ãƒ¼ãƒˆ, TikTok, ã‚·ãƒ¼ã‚ºãƒ³24, ã‚¢ãƒƒã‚·ãƒ¥",2025-03-17 17:29,"https://youtube.com/shorts/FWiurevI0iQ"
"ã‚­ãƒ£ãƒ©ã‚³ãƒ³ãŒ3å€ã‚„ã‚Šã‚„ã™ããªã‚‹è£æŠ€ã€Apex Legendsã€‘è±†çŸ¥è­˜ï¼Œè¨­å®š #Shorts",1033259,29033,39,"ãƒ™ã‚¸ã‚¿ã‚¤ãƒ ã«ã‚“ã˜ã‚“","é…ä¿¡ãªã©ã¯Twitterã§ãŠçŸ¥ã‚‰ã›ã—ã¦ã¾ã™ã€‚ ã«ã‚“ã˜ã‚“Twitterâ†“ https://twitter.com/VegetimeNINJIN  ãƒãƒ£ãƒ³ãƒãƒ«ç™»éŒ²ã‚„é«˜è©•ä¾¡ã‚’ã—ã¦é ‚ã‘ã‚‹ã¨ãƒ‹ãƒƒã‚³ãƒªã—ã¾ã™ã€‚ ã‚ˆã‚ã—ããŠé¡˜ã„ã„ãŸã—ã¾ã™ã€‚ https://www.youtube.com/channel/UCrkMfrxOb8FGJvLmQGKxhFw  ã€ãŠå•ã„åˆã‚ã›ï¼†ä»•äº‹é€£çµ¡ã¯ã“ã¡ã‚‰ã¸ã€‘ â†’buber_info@blueoceanmedia.jp   #Shorts","Apex, ã‚¨ãƒ¼ãƒšãƒƒã‚¯ã‚¹ãƒ¬ã‚¸ã‚§ãƒ³ã‚º, Switch, PS4, åˆå¿ƒè€…, è§£èª¬, PC, PS5, èª¿æ•´, ãƒ†ã‚£ãƒƒã‚¯ãƒˆãƒƒã‚¯, TikTok, ãƒã‚¿, ãˆãº, ãƒãƒ¼ã‚¿ãƒ¼, ãƒãƒ¼ãƒˆ, ã‚¨ã‚¤ãƒ ã‚¢ã‚·ã‚¹ãƒˆ, å¼±ä½“åŒ–, æ–°ãƒãƒƒãƒ—, è£ãƒ¯ã‚¶, ã‚°ãƒªãƒƒãƒ, ãƒ‘ãƒƒãƒ‰, ã‚·ãƒ¼ã‚ºãƒ³23",2024-12-09 17:17,"https://youtube.com/shorts/fmjvClE7_Qg"
"Sparrow is the best movement legend #apexlegends #apex #apexlegendsclips #apexmovement",1746517,43623,758,"Kagenou","","",2025-05-09 10:37,"https://youtube.com/shorts/jhmsjGHtXFw"
"Calificando a OCTANE de Apex Legends #Xamael",896997,67200,186,"Xamael Fokiu","ğŸ† *MIRAME EN VIVO* â¥ https://twitch.tv/xamaelruix ğŸ† ğŸ• *Todas mis redes* â¥ https://beacons.ai/xamael  â–¬â–¬â–¬â–¬â–¬â–¬â–¬â–¬â–¬â–¬â–¬â–¬â–¬â–¬â–¬â–¬â–¬â–¬â–¬â–¬â–¬â–¬â–¬â–¬  ğŸ® HAZTE MIEMBRO DEL CANAL -â¯ https://www.youtube.com/@XamaelFokiu/join  ğŸ“® Contacto de negocios: Contactoxamael@gmail.com  #Xamael #XamaelRuix #XamaelFokiu","Colombia, espaÃ±ol, samuelruix, xamaelruix, xamael, xama, xamael fokiu, octane, Octavio Silva, apex, apex legends, electronic arts, ea, respawn entertainment, octane apex legends, como jugar octane, quien es octane, quien es octavio silva, apex legends espaÃ±ol, momentos graciosos apex legends, clips apex legends, calificando, calificando apex legends",2024-09-21 05:40,"https://youtube.com/shorts/lWoXXFn4cO0"
"å…¨å“¡ã‚¹ã‚­ãƒ£ãƒ³ã¯ãˆãã™ãã‚‹ï½—ï½—ï½—ã€APEX LEGENDSã€‘ #apex #apexlegends #ã‚¨ãƒ¼ãƒšãƒƒã‚¯ã‚¹",1830100,25180,393,"ã˜ãƒ¼ã·ã‚ã€APEXè§£èª¬ã€‘","ã‚³ãƒ¡ãƒ³ãƒˆã€é«˜è©•ä¾¡ã„ã¤ã‚‚ã‚ã‚ŠãŒã¨ã†ï¼ ãƒ‘ã‚¹ãƒ•ã‚¡ã‚¤ãƒ³ãƒ€ãƒ¼ã‚’æ¥µã‚ã¦ã„ã¾ã™ï¼ 10ä¸‡äººç™»éŒ²è€…ç›®æ¨™ã§ã™...!  ãƒ¡ãƒ³ãƒãƒ¼ã‚·ãƒƒãƒ—â†“ https://www.youtube.com/channel/UC5DvsaWSa_Hi4-QjOTv0eTw/join  â– ãƒ—ãƒ­ãƒ•ã‚£ãƒ¼ãƒ«â–  å„ç¨®SNSã§ã‚³ãƒ³ãƒ†ãƒ³ãƒ„æŠ•ç¨¿åŠã³é…ä¿¡ã‚’ã—ã¦ã„ã¾ã™ï¼ X  https://twitter.com/gprodaisuki Tiktok https://www.tiktok.com/@gprodaisuki Twitch  https://www.twitch.tv/gprodaisuki  æ‰€å±ãƒãƒ¼ãƒ  LILAS Gaming  å„ç¨®å…±ã«IDã¯@gprodaisuki  æ„Ÿåº¦ 800 1.2 1.0 FOV110  ãƒã‚¦ã‚¹ AIM1 æ™‚é›¨  ã‚­ãƒ¼ãƒœãƒ¼ãƒ‰ Apex pro mini  ãƒã‚¦ã‚¹ãƒ‘ãƒƒãƒ‰ ARTISAN é›¶ FX MID  ã‚¤ãƒ¤ãƒ›ãƒ³ se215  #ãƒ‘ã‚¹ãƒ•ã‚¡ã‚¤ãƒ³ãƒ€ãƒ¼  #Apex #ã‚¨ãƒ¼ãƒšãƒƒã‚¯ã‚¹","apex, apexlegends, ã‚¨ãƒ¼ãƒšãƒƒã‚¯ã‚¹, ã˜ãƒ¼ã·ã‚, Gprou, ã‚¨ãƒ¼ãƒšãƒƒã‚¯ã‚¹ãƒ¬ã‚¸ã‚§ãƒ³ãƒ‰, ãƒ‘ã‚¹ãƒ•ã‚¡ã‚¤ãƒ³ãƒ€ãƒ¼",2025-05-10 12:01,"https://youtube.com/shorts/wsmYG4x4kSg"
"9ä¸‡å††ã®PCã§APEX LEGENDSã¯å‡ºæ¥ã‚‹ã®ã‹?? #shorts #mdlmake #apexlegends",952423,17292,513,"MDL.makeã€å…¬å¼ã€‘","ã‚¨ãƒšã¯è»½ã„ã®ã‹é‡ã„ã®ã‹ã‚ã‹ã‚‰ãªã„!!ã¨ã„ã†å£°ãŒå¤šã„ã®ã§ã€ å®Ÿéš›ã«ä½ä¾¡æ ¼ã‚²ãƒ¼ãƒŸãƒ³ã‚°PCã§ãƒ—ãƒ¬ã‚¤ã—ã¦ã¿ã¾ã—ãŸğŸ®ï¸  ã”è¦–è´ã‚ã‚ŠãŒã¨ã†ã”ã–ã„ã¾ã™âœ¨ï¸ ã‚²ãƒ¼ãƒŸãƒ³ã‚°PCãƒ¡ãƒ¼ã‚«ãƒ¼ã€ŒMDL.makeã€ã®å…¬å¼YouTubeãƒãƒ£ãƒ³ãƒãƒ«ã§ã™ã€‚  ãœã²ãƒãƒ£ãƒ³ãƒãƒ«ç™»éŒ²ãƒ»é«˜è©•ä¾¡ãŠé¡˜ã„ã„ãŸã—ã¾ã™â—‹ â€ª@mdlmakeâ€¬  --------------------------------  ãŠã™ã™ã‚ã‚²ãƒ¼ãƒŸãƒ³ã‚°PC (2025/05ç¾åœ¨)  ã€æ–°ç™»å ´ã€‘GeForce RTX 5060æ­è¼‰ã‚²ãƒ¼ãƒŸãƒ³ã‚°PC è©±é¡Œã®æœ€æ–°GPUã‚’æ­è¼‰ã—ãŸãƒ¢ãƒ‡ãƒ«ãŒç™»å ´ã€‚ å„ã‚²ãƒ¼ãƒ ã‚¿ã‚¤ãƒˆãƒ«ã‚‚å¿«é©ã«å‹•ä½œã™ã‚‹ã€ä»ŠãŠã™ã™ã‚ã®ã‚²ãƒ¼ãƒŸãƒ³ã‚°PCã§ã™ã€‚ ä¾¡æ ¼ : Â¥135,800~ https://mdlmake.shop/collections/rtx-5060  ã€ã‚¯ãƒªã‚¨ã‚¤ã‚¿ãƒ¼ï¼†AIç”¨é€”ã«ã‚‚â—ã€‘RX 9070 XTæ­è¼‰é«˜æ€§èƒ½PC å‹•ç”»ç·¨é›†ãƒ»ç”»åƒç”Ÿæˆãƒ»ã‚¹ãƒˆãƒªãƒ¼ãƒŸãƒ³ã‚°ã‚‚å¿«é©ã€‚ é«˜æ€§èƒ½ã¨ã‚³ã‚¹ãƒ‘ã®ä¸¡ç«‹ã‚’æ±‚ã‚ã‚‹ãƒ—ãƒ­ãƒ¦ãƒ¼ã‚¶ãƒ¼ã«ãŠã™ã™ã‚ã€‚ ä¾¡æ ¼ :  Â¥265,800~ https://mdlmake.shop/collections/rx-9070-xt  ã€å®šç•ªäººæ°—ã€‘Ryzen7 5700X Ã— RTX 4060æ­è¼‰ã‚²ãƒ¼ãƒŸãƒ³ã‚°PC ç¾åœ¨å³ç´å¯¾è±¡ï¼ã‚¹ãƒšãƒƒã‚¯ã‚‚ã‚³ã‚¹ãƒ‘ã‚‚å¦¥å”ã—ãŸããªã„ã€‚ ãã‚“ãªæ–¹ã«ã´ã£ãŸã‚ŠãªãŠã™ã™ã‚ã®ã‚²ãƒ¼ãƒŸãƒ³ã‚°PCã§ã™ã€‚ ä¾¡æ ¼ : Â¥126,800~ https://mdlmake.shop/products/mdl_t5746  ã€ã™ãä½¿ãˆã‚‹ã€‘æ•°é‡é™å®šå³ç´ã‚²ãƒ¼ãƒŸãƒ³ã‚°PC æœ€çŸ­ç¿Œæ—¥ã«å‡ºè·ã„ãŸã—ã¾ã™ã€‚ä»Šã™ãã‚²ãƒ¼ãƒŸãƒ³ã‚°PCãŒå¿…è¦ãªæ–¹ã«ãŠã™ã™ã‚ã§ã™ã€‚ ä¾¡æ ¼ : Â¥126,800~ https://mdlmake.shop/collections/%E7%BF%8C%E6%97%A5%E5%87%BA%E8%8D%B7  â€»ä¾¡æ ¼ã¯æ™‚æœŸãƒ»ã‚«ã‚¹ã‚¿ãƒ ã«ã‚ˆã‚Šå¤‰å‹•ã„ãŸã—ã¾ã™ã€‚  --------------------------------  ã€Œã©ã‚“ãªã‚²ãƒ¼ãƒŸãƒ³ã‚°PCã‚’è²·ãˆã°ã„ã„ã®ã‹ã‚ã‹ã‚‰ãªã„...ã€ ã€Œã€‡ã€‡ã‚’ãƒ—ãƒ¬ã‚¤ã—ãŸã„ã‘ã©å¿…è¦ãªã‚¹ãƒšãƒƒã‚¯ãŒã‚ã‹ã‚‰ãªã„...ã€  æœ€çŸ­15åˆ†ã§å¯¾å¿œğŸ’¨ ã‚²ãƒ¼ãƒŸãƒ³ã‚°PCã«ã¤ã„ã¦ã®è³¼å…¥ç›¸è«‡ã¯å…¬å¼ãƒ©ã‚¤ãƒ³ã¾ã§âœ‰ï¸ â†’https://lin.ee/Q94Slhk (å–¶æ¥­æ™‚é–“ï¼šåˆå‰9æ™‚ï½åˆå¾Œ10æ™‚)  --------------------------------  å…¬å¼ã‚µã‚¤ãƒˆï¼šhttps://mdlmake.shop/ å…¬å¼TikTokï¼šhttps://www.tiktok.com/@mdl.make å…¬å¼Xï¼šhttps://x.com/mdl_make  #ã‚²ãƒ¼ãƒŸãƒ³ã‚°pc #mdlmake","",2025-01-03 20:04,"https://youtube.com/shorts/wVeLTxA-1vc"
"KNOW THESE Things In Apex Legends?!",862635,38044,157,"TimProVision","Today we have some Apex Legends tips and tricks in regards to think you should already know all the way in Apex Legends Season 21 and beyond. Let me know if these Apex tips are helpful! #apexlegends #apex","TimProVision, apex, apex legends, apex tips, apex legends tips, apex tips and tricks, apex legends tips and tricks, apex legends season 21, apex legends tips and tricks to improve, apex legends things you should know, apex things you should know, apex legends tips for beginners, apex legends tips and tricks for beginners",2024-07-12 02:00,"https://youtube.com/shorts/UtLXdZcbbno"
"SPARROW MOVEMENT IS CRAZY ğŸ˜²",1583839,27953,315,"The Gaming Merchant","SPARROW MOVEMENT IS CRAZY  ğŸ˜² #shorts","Apex Legends, Apex, Play Apex",2025-05-07 20:54,"https://youtube.com/shorts/xvZP2hpugiU"
"ãƒ”ãƒƒã‚¯ç‡0%ã‚’é”æˆã—ãŸã‚­ãƒ£ãƒ©ï¼“é¸ã€APEX LEGENDSã€‘#shorts",895439,19445,211,"ã°ã¤ã­ã˜ã€Apexã‚µãƒ–ã‚«ãƒ«ç³»å®Ÿæ³ã€‘","ãƒ”ãƒƒã‚¯ç‡0%ã‚’é”æˆã—ãŸã‚­ãƒ£ãƒ©ï¼“é¸ Let`s begin. ã‚¹ãƒ‘ãƒ¬ã‚¸ã‚§ã‚’å½“ã¦ã‚‹ãƒ¡ãƒªãƒƒãƒˆâ†“ https://youtu.be/5RX8UGTeOnw  ãœã²ãƒãƒ£ãƒ³ãƒãƒ«ç™»éŒ²ãŠé¡˜ã„ã—ã¾ã™ï¼ https://www.youtube.com/channel/UC2JAjosPLS4WMetfl6304hg #Shorts #apexãƒãƒƒã‚¸ #apexã‚¹ã‚­ãƒ³ ã“ã®å‹•ç”»ã‚’è¦‹ã¦ã„ãŸã ãã‚ã‚ŠãŒã¨ã†ã”ã–ã„ã¾ã™ã€‚  Twitter https://twitter.com/x_nezy_YouTube  BGMã‚’ãŠå€Ÿã‚Šã•ã›ã¦ã‚‚ã‚‰ã£ã¦ã„ã‚‹ãƒãƒ£ãƒ³ãƒãƒ«æ§˜ https://www.youtube.com/user/NoCopyrightSounds  BGMã‚’ãŠå€Ÿã‚Šã•ã›ã¦ã‚‚ã‚‰ã£ã¦ã„ã‚‹ã‚µã‚¤ãƒˆç­‰ https://otologic.jp/free/se/accent05.html https://dova-s.jp/  å‹•ç”»ç´ æã‚’ãŠå€Ÿã‚Šã•ã›ã¦ã‚‚ã‚‰ã£ã¦ã„ã‚‹ã‚µã‚¤ãƒˆç­‰ https://ytsozaiyasan.com/video https://www.pinterest.jp/ Puple Planet https://www.purple-planet.com/  ã“ã®å‹•ç”»ã®bgm https://inaudio.org/track/sax-beat-funk/  ã‚¹ã‚­ãƒ³ã«ã‚‚ã“ã ã‚ã‚Šæ–¹ã«å‘ã‘ãŸæœ€é«˜ã®æƒ…å ±   æœ€å¾Œã¾ã§è¦‹ã¦ã„ãŸã ãã‚ã‚ŠãŒã¨ã†ã”ã–ã„ã¾ã—ãŸã€‚  ä»Šæ—¥ã®ã²ã¨ã“ã¨ç‰©èª apex ã‚·ãƒ¼ã‚ºãƒ³","ã°ã¤ã­ã˜, ç„¡æ–™, Shorts, #Shorts, apex ã‚¹ã‚­ãƒ³, ã‚¨ãƒ¼ãƒšãƒƒã‚¯ã‚¹, apex çŒ›è€…ãƒãƒƒã‚¸, apex ãƒãƒƒã‚¸, apex ãƒ—ãƒ¬ãƒ‡ã‚¿ãƒ¼, apex ç‚ä¸Š, ape shorts, apex ç‚ä¸Šã¾ã¨ã‚, apex ãƒãƒ¼ãƒˆ, apex å¤å‚å‹¢, apex ã‚¹ãƒ‘ãƒ¬ã‚¸ã‚§, apex ã‚·ãƒ¼ã‚ºãƒ³21, ã‚¹ãƒ‘ãƒ¬ã‚¸ã‚§, å¤±æ•—ã‹ã‚‰ç”Ÿã¾ã‚ŒãŸ",2024-11-15 19:00,"https://youtube.com/shorts/0650INnOXnM"
"ã€APEXã€‘ãƒªã‚³ã‚¤ãƒ«æŠ€è¡“ãŒã‚‚ã¯ã‚„ãƒã‚°ãƒ¬ãƒ™ãƒ«ï¼Ÿï¼ç–‘æƒ‘ã®ã‚¯ãƒªãƒƒãƒ—ãŒæµ·å¤–ã§å¤§è’ã‚Œã—ã¦ã—ã¾ã†#apex #apexlegends #fyp #ãŠã™ã™ã‚ #tiktok #ã‚²ãƒ¼ãƒ  #shorts",947548,20877,691,"ã½ã“ã« / Poconi","#apex #apexlegends #game #gaming #gamer #fyp #funny #ãŠã™ã™ã‚ #ã‚²ãƒ¼ãƒ å®Ÿæ³ #shorts","",2024-08-17 17:50,"https://youtube.com/shorts/442ld8jO-Vc"
"Mande Finds a New Broken Nade Spot #apexlegends",1575231,20829,125,"NH - Apex Legends","Apex Legends  https://www.twitch.tv/  #apex #apexlegends","apex, legends, apex legends, noobhunter, noobhunter apex, noobhunter apex legends, apex legends funny, apex legends funny moments",2025-04-10 03:00,"https://youtube.com/shorts/CBNWLqyHLP8"
"ã•ã™ãŒã«ã¿ã‚“ãªæŒã£ã¦ãªã„ãƒãƒƒã‚¸ï¼“é¸ã€APEX LEGENDSã€‘#shorts",812114,20468,115,"ã°ã¤ã­ã˜ã€Apexã‚µãƒ–ã‚«ãƒ«ç³»å®Ÿæ³ã€‘","ã•ã™ãŒã«ã¿ã‚“ãªæŒã£ã¦ãªã„ãƒãƒƒã‚¸ï¼“é¸ Let`s begin. ã‚¹ãƒ‘ãƒ¬ã‚¸ã‚§ã‚’å½“ã¦ã‚‹ãƒ¡ãƒªãƒƒãƒˆâ†“ https://youtu.be/5RX8UGTeOnw  ãœã²ãƒãƒ£ãƒ³ãƒãƒ«ç™»éŒ²ãŠé¡˜ã„ã—ã¾ã™ï¼ https://www.youtube.com/channel/UC2JAjosPLS4WMetfl6304hg #Shorts #apexãƒãƒƒã‚¸ #apexã‚¹ã‚­ãƒ³ ã“ã®å‹•ç”»ã‚’è¦‹ã¦ã„ãŸã ãã‚ã‚ŠãŒã¨ã†ã”ã–ã„ã¾ã™ã€‚  Twitter https://twitter.com/x_nezy_YouTube  BGMã‚’ãŠå€Ÿã‚Šã•ã›ã¦ã‚‚ã‚‰ã£ã¦ã„ã‚‹ãƒãƒ£ãƒ³ãƒãƒ«æ§˜ https://www.youtube.com/user/NoCopyrightSounds  BGMã‚’ãŠå€Ÿã‚Šã•ã›ã¦ã‚‚ã‚‰ã£ã¦ã„ã‚‹ã‚µã‚¤ãƒˆç­‰ https://otologic.jp/free/se/accent05.html https://dova-s.jp/  å‹•ç”»ç´ æã‚’ãŠå€Ÿã‚Šã•ã›ã¦ã‚‚ã‚‰ã£ã¦ã„ã‚‹ã‚µã‚¤ãƒˆç­‰ https://ytsozaiyasan.com/video https://www.pinterest.jp/ Puple Planet https://www.purple-planet.com/  ã“ã®å‹•ç”»ã®bgm https://inaudio.org/track/sax-beat-funk/  ã‚¹ã‚­ãƒ³ã«ã‚‚ã“ã ã‚ã‚Šæ–¹ã«å‘ã‘ãŸæœ€é«˜ã®æƒ…å ±   æœ€å¾Œã¾ã§è¦‹ã¦ã„ãŸã ãã‚ã‚ŠãŒã¨ã†ã”ã–ã„ã¾ã—ãŸã€‚  ä»Šæ—¥ã®ã²ã¨ã“ã¨ç‰©èª apex ã‚·ãƒ¼ã‚ºãƒ³","ã°ã¤ã­ã˜, ç„¡æ–™, Shorts, #Shorts, apex ã‚¹ã‚­ãƒ³, ã‚¨ãƒ¼ãƒšãƒƒã‚¯ã‚¹, apex çŒ›è€…ãƒãƒƒã‚¸, apex ãƒãƒƒã‚¸, apex ãƒ—ãƒ¬ãƒ‡ã‚¿ãƒ¼, apex ç‚ä¸Š, ape shorts, apex ç‚ä¸Šã¾ã¨ã‚, apex ãƒãƒ¼ãƒˆ, apex å¤å‚å‹¢, apex ã‚¹ãƒ‘ãƒ¬ã‚¸ã‚§, apex ã‚·ãƒ¼ã‚ºãƒ³21, ã‚¹ãƒ‘ãƒ¬ã‚¸ã‚§, å¤±æ•—ã‹ã‚‰ç”Ÿã¾ã‚ŒãŸ",2024-07-08 19:00,"https://youtube.com/shorts/r8C6gW8GyIQ"
"Taxi2g Teaches PRO's New Alter TP Spot #apexlegends",1575363,20782,99,"NH - Apex Legends","Apex Legends  https://www.twitch.tv/  #apex #apexlegends","apex, legends, apex legends, noobhunter, noobhunter apex, noobhunter apex legends, apex legends funny, apex legends funny moments",2025-05-04 19:23,"https://youtube.com/shorts/d2EU_21Xkn8"
"FREE Heirloom Shards!!",801409,43444,983,"Simply Ashton","#apexlegends","simply ashton, simply ashton youtube, youtube simply ashton, simplyashton, simplyashton youtube, youtube simplyashton, simplyashtin, apex, apex legends, apex predator, apex 1v3, apex ttv, apex funny, apex reaction, apex movement, apex gameplay, apex streamer, apex tips, apex horizon, ps4, xbox, pc, gaming, apex challenge, apex bloodhound, apex stereotypes, apex pathfinder, apex heirloom, apex wraith",2025-03-06 02:11,"https://youtube.com/shorts/-LRRI6B2mK0"
"Did You Know This Apex Titanfall Easter Egg?",1397874,32294,222,"The Gaming Merchant","Did You Know This Titanfall Easter Egg In Apex? #shorts","Apex Legends, Apex, Play Apex",2025-05-23 20:04,"https://youtube.com/shorts/-Bz1BsVzJQ8"
"æ–°ãƒœã‚»ãƒƒã‚¯ãƒœã‚¦ã®è±†çŸ¥è­˜ã‚’è§£èª¬ | apexlegends #apex #shorts",1397974,14798,189,"ã‚‚ã¤ãFPS","APEXã®å‹•ç”»ã‚„é…ä¿¡ã‚’ã—ã¾ã™ã‚ˆã‚ã—ããŠé¡˜ã„ã—ã¾ã™ ãƒ—ãƒ©ãƒãƒŠãƒ€ã‚¤ãƒ¤ã‚’è¡Œãæ¥ã—ã¦ã„ã¾ã™ åˆ¥ã‚²ãƒ¼ãƒ ç”¨youtubeãƒãƒ£ãƒ³ãƒãƒ« : https://www.youtube.com/c/motsuku twitter : https://twitter.com/nikomotsuku ãƒ¡ãƒ³ãƒãƒ¼ç™»éŒ²ã¯ã“ã¡ã‚‰ã‹ã‚‰ https://www.youtube.com/channel/UC9YCju2l8HGamwHOrJEkE1Q/join ãƒ¡ãƒ¼ãƒ« : nikomotsuku@yahoo.co.jp  #APEX #apexlegends  #ã‚¨ãƒ¼ãƒšãƒƒã‚¯ã‚¹ãƒ¬ã‚¸ã‚§ãƒ³ã‚º #è±†çŸ¥è­˜ #è§£èª¬","apexlegends, APEX, ã‚¨ãƒ¼ãƒšãƒƒã‚¯ã‚¹ãƒ¬ã‚¸ã‚§ãƒ³ã‚º, åˆå¿ƒè€…å‘ã‘, ã‚‚ã¤ã, ã‚‚ã¤ãAPEX, ã‚‚ã¤ãã•ã‚“, è±†çŸ¥è­˜, è§£èª¬",2025-05-13 07:00,"https://youtube.com/shorts/WO35rGsc4Ko"
"å®Ÿã¯ãƒ€ãƒ¡ãƒ¼ã‚¸ãŒå…¥ã‚‹è¡Œå‹•5é¸ã‚’è§£èª¬ | apexlegends #apex #shorts",1343410,12652,127,"ã‚‚ã¤ãFPS","APEXã®å‹•ç”»ã‚„é…ä¿¡ã‚’ã—ã¾ã™ã‚ˆã‚ã—ããŠé¡˜ã„ã—ã¾ã™ ãƒ—ãƒ©ãƒãƒŠãƒ€ã‚¤ãƒ¤ã‚’è¡Œãæ¥ã—ã¦ã„ã¾ã™ åˆ¥ã‚²ãƒ¼ãƒ ç”¨youtubeãƒãƒ£ãƒ³ãƒãƒ« : https://www.youtube.com/c/motsuku twitter : https://twitter.com/nikomotsuku ãƒ¡ãƒ³ãƒãƒ¼ç™»éŒ²ã¯ã“ã¡ã‚‰ã‹ã‚‰ https://www.youtube.com/channel/UC9YCju2l8HGamwHOrJEkE1Q/join ãƒ¡ãƒ¼ãƒ« : nikomotsuku@yahoo.co.jp  #APEX #apexlegends  #ã‚¨ãƒ¼ãƒšãƒƒã‚¯ã‚¹ãƒ¬ã‚¸ã‚§ãƒ³ã‚º #è±†çŸ¥è­˜ #è§£èª¬","apexlegends, APEX, ã‚¨ãƒ¼ãƒšãƒƒã‚¯ã‚¹ãƒ¬ã‚¸ã‚§ãƒ³ã‚º, åˆå¿ƒè€…å‘ã‘, ã‚‚ã¤ã, ã‚‚ã¤ãAPEX, ã‚‚ã¤ãã•ã‚“, è±†çŸ¥è­˜, è§£èª¬",2025-04-19 07:00,"https://youtube.com/shorts/djQS2mOaEF4"
"MUST KNOW BOT to PRO Tips For Apex Legends!",620496,26492,125,"TimProVision","Today we have the teaser for 100 apex legends tips and tricks to help you learn how to improve at Apex Legends, faster! Let me know if these Apex tips and tricks are helpful for Apex Legends Season 22!  #apexlegends #apex","TimProVision, apex, apex legends, apex tips, apex legends tips, apex tips and tricks, apex legends tips and tricks, apex tips and tricks to improve, apex legends tips and tricks to get better, apex legends tips and tricks for beginners, apex legends tips and tricks console, apex legends tips and tricks ranked, how to get better at apex legends, apex legends tips and tricks season 22, apex legends season 22 tips, apex legends season 22, apex season 22",2024-09-05 22:00,"https://youtube.com/shorts/a1CQ2s5un3s"